"Marca temporal","Antes de comenzar:
La información que proporciones será manejada de forma confidencial únicamente con fines de investigación. Tu participación contestando el presente cuestionario es voluntaria y anónima.
He leído y comprendido la información proporcionada sobre este cuestionario. Entiendo que la participación en este estudio es voluntaria y que puedo dejar de responder en cualquier momento sin consecuencias. ","Edad","Sexo:","Estado civil:","Nombre de la Universidad:","Nivel académico que estudias","Carrera que cursa: ","Semestre o cuatrimestre actual:","Promedio actual:","Promedio global o último registrado ","Número de integrantes en su hogar:","Escolaridad del padre: ","Escolaridad de la madre: ","Ingreso familiar mensual aproximado:","Hábitos de Estudio [Dedico tiempo fijo cada día para estudiar.]","Hábitos de Estudio [Suelo subrayar o resumir para comprender mejor los temas.]","Hábitos de Estudio [Estudio únicamente cuando se acerca un examen.]","Hábitos de Estudio [Busco espacios sin distracciones para estudiar.]","Hábitos de Estudio [Planifico mis actividades académicas con anticipación.]","Hábitos de Estudio [Me cuesta organizar mis tiempos para estudiar.]","Hábitos de Estudio [Utilizo técnicas de estudio diferentes según la materia.]","Hábitos de Estudio [Dejo las tareas para el último momento.]","Motivación [Estudiar me resulta personalmente satisfactorio.]","Motivación [Siento curiosidad por aprender cosas nuevas en mis clases.]","Motivación [Estudio principalmente para obtener buenas calificaciones.]","Motivación [Me esfuerzo más cuando recibo reconocimiento externo.]","Motivación [Disfruto aprender incluso si no afecta mis calificaciones.]","Motivación [Si no hubiera calificaciones, estudiaría mucho menos.]","Motivación [Me organizo porque quiero sentirme competente académicamente.]","Motivación [Solo estudio cuando hay presión por parte de docentes o familia.]","Dinámicas familiares [En mi familia conversamos abiertamente sobre la escuela.]","Dinámicas familiares [Mis padres o tutores revisan o preguntan por mi desempeño académico.]","Dinámicas familiares [En casa existen conflictos que dificultan mi concentración.]","Dinámicas familiares [Recibo apoyo emocional de mi familia cuando tengo dificultades académicas.]","Dinámicas familiares [Mis familiares muestran poco interés por mis estudios.]","Dinámicas familiares [Suelo estudiar con tranquilidad en mi hogar.]","Toma de decisiones  [Antes de decidir algo importante analizo ventajas y desventajas.]","Toma de decisiones  [Elijo actividades académicas de forma impulsiva.]","Toma de decisiones  [Reflexiono sobre cómo mis decisiones afectan mi rendimiento.]","Toma de decisiones  [Pido opiniones para tomar mejores decisiones cuando lo necesito.]","Toma de decisiones  [Me cuesta mantener decisiones que requieren disciplina.]","Toma de decisiones  [Tomo decisiones considerando mis metas académicas a largo plazo.]","Autoestima [Me considero capaz de aprender contenidos difíciles.]","Autoestima [Dudo de mi capacidad académica con frecuencia.]","Autoestima [Estoy conforme con mi desempeño escolar.]","Autoestima [Creo que mis logros académicos reflejan mi esfuerzo.]","Autoestima [Me desmotivo fácilmente cuando no entiendo un tema.]","Autoestima [Confío en que puedo superar los retos académicos.]","Habilidades sociales [Me comunico con claridad cuando trabajo en equipo.]","Habilidades sociales [Evito participar en actividades grupales.]","Habilidades sociales [Escucho activamente las ideas de mis compañeros.]","Habilidades sociales [Me cuesta expresar desacuerdos de forma respetuosa.]","Habilidades sociales [Contribuyo de forma equitativa en trabajos colaborativos]","Habilidades sociales [Suelo mediar en conflictos dentro del equipo.]","Aptitudes cognitivas [Resuelvo problemas lógicos con relativa facilidad.]","Aptitudes cognitivas [Me cuesta hacer cálculos mentales rápidos.]","Aptitudes cognitivas [Encuentro patrones o relaciones entre ideas fácilmente.]","Aptitudes cognitivas [Evito actividades que requieren razonamiento lógico.]","Riesgo de deserción [He pensado en dejar temporalmente mis estudios.]","Riesgo de deserción [He buscado información sobre otras carreras o instituciones.]","Riesgo de deserción [Mi rendimiento académico me hace dudar de continuar.]","Riesgo de deserción [Mi situación personal dificulta continuar la carrera.]","Carga académica [Siento que mi carga de materias es excesiva]","Carga académica [Considero equilibrada mi carga académica respecto a mis capacidades]","Carga académica [Me siento satisfecho(a) con mis calificaciones]","Carga académica [Cuando obtengo una mala calificación me frustro más de lo que debería.]"
"2025/12/09 7:33:13 a. m. GMT-6","Si, Acepto","33","Mujer","Soltero(a)","UNAM","Maestría","Maestría en psicología ","5","9.6","9.8","2","Bachillerato","Bachillerato","Más de $20,000","A veces","Siempre","Casi nunca","Siempre","Siempre","Nunca","Siempre","Siempre","Totalmente de acuerdo","Totalmente de acuerdo","Neutro","Totalmente de acuerdo","Totalmente de acuerdo","Neutro","Totalmente de acuerdo","Totalmente en desacuerdo","Siempre","Siempre","Nunca","Siempre","Nunca","Siempre","Siempre","A veces","Siempre","Siempre","Casi nunca","Siempre","Totalmente de acuerdo","Totalmente en desacuerdo","Totalmente de acuerdo","Totalmente de acuerdo","En desacuerdo","Totalmente de acuerdo","Casi siempre","Casi nunca","Casi siempre","Casi nunca","Siempre","Casi siempre","Casi siempre","Nunca","Siempre","Nunca","Nunca","Casi nunca","Nunca","Nunca","Siempre","A veces","Casi siempre","Casi siempre"
"2025/12/09 10:02:42 a. m. GMT-6","Si, Acepto","49","Mujer","Casado(a)","UDF Santa María ","Licenciatura","Psicología ","8","8.5","9","3","Bachillerato","Secundaria","Más de $20,000","Casi siempre","Siempre","Casi siempre","Casi siempre","Siempre","Casi nunca","Casi nunca","Nunca","Totalmente de acuerdo","Totalmente de acuerdo","Neutro","De acuerdo","Totalmente de acuerdo","Totalmente de acuerdo","Totalmente de acuerdo","Neutro","Siempre","Casi siempre","A veces","Casi siempre","Siempre","Siempre","Siempre","Casi nunca","Siempre","Casi nunca","Nunca","Siempre","De acuerdo","Totalmente en desacuerdo","De acuerdo","De acuerdo","Totalmente en desacuerdo","Totalmente de acuerdo","Casi siempre","A veces","Siempre","Nunca","Siempre","Casi siempre","A veces","A veces","Casi siempre","Nunca","Nunca","A veces","Nunca","Nunca","Nunca","Siempre","Casi siempre","A veces"
"2025/12/09 10:05:16 a. m. GMT-6","Si, Acepto","50","Prefiero no decirlo","Unión libre","Anahuac, pero estoy en la UDF ","Doctorado","Psicología ","4","8.9","10","13","Posgrado","Posgrado","Más de $20,000","Casi siempre","Casi siempre","Casi nunca","Siempre","Siempre","Casi nunca","Casi siempre","Nunca","De acuerdo","Totalmente de acuerdo","Totalmente de acuerdo","Neutro","De acuerdo","Totalmente de acuerdo","Totalmente de acuerdo","Neutro","Casi siempre","Siempre","Nunca","Casi siempre","Nunca","Siempre","Siempre","Casi siempre","Casi siempre","A veces","Nunca","Casi siempre","De acuerdo","Neutro","Totalmente de acuerdo","De acuerdo","De acuerdo","Totalmente de acuerdo","Siempre","Nunca","Casi siempre","Siempre","Siempre","A veces","Siempre","Casi nunca","A veces","A veces","Nunca","Casi nunca","Casi nunca","A veces","Casi nunca","Casi nunca","Siempre","Casi siempre"
"2025/12/09 10:07:12 a. m. GMT-6","Si, Acepto","19","Hombre","Soltero(a)","UDF","Licenciatura","Comercio internacional ","2","8","8","5","Bachillerato","Secundaria","10,001–$20,000","A veces","A veces","A veces","A veces","A veces","A veces","A veces","A veces","Neutro","Neutro","Neutro","Neutro","Neutro","Neutro","Neutro","Neutro","A veces","A veces","A veces","A veces","A veces","A veces","Casi siempre","Casi siempre","Casi siempre","Casi siempre","Casi siempre","Casi siempre","En desacuerdo","En desacuerdo","En desacuerdo","En desacuerdo","En desacuerdo","En desacuerdo","Casi siempre","Casi siempre","Casi siempre","Casi siempre","Casi siempre","Casi siempre","A veces","A veces","A veces","A veces","A veces","A veces","A veces","A veces","A veces","A veces","A veces","A veces"
"2025/12/09 10:08:34 a. m. GMT-6","Si, Acepto","22","Mujer","Soltero(a)","UDF ","Licenciatura","Comercio internacional ","2","9","10","2","Bachillerato","Bachillerato","Menos de $5,000","Siempre","Siempre","Casi siempre","Siempre","Siempre","Siempre","A veces","Siempre","Totalmente de acuerdo","De acuerdo","De acuerdo","De acuerdo","De acuerdo","De acuerdo","De acuerdo","De acuerdo","A veces","Siempre","Nunca","Siempre","Nunca","Nunca","Siempre","Siempre","Siempre","Siempre","Siempre","Siempre","De acuerdo","De acuerdo","De acuerdo","Totalmente de acuerdo","Totalmente de acuerdo","Totalmente de acuerdo","Siempre","Siempre","Siempre","Nunca","Siempre","Siempre","Casi nunca","Siempre","Casi siempre","Nunca","Nunca","Siempre","Nunca","Nunca","Nunca","Nunca","Siempre","Nunca"
"2025/12/09 10:09:05 a. m. GMT-6","Si, Acepto","30","Hombre","Unión libre","UDF","Licenciatura","Comercio internacional y gestión de aduanas ","2","8.4","8.4","2","Universidad","Secundaria","Más de $20,000","Casi siempre","A veces","Casi siempre","Casi siempre","Casi siempre","Casi siempre","Casi siempre","Casi siempre","De acuerdo","Totalmente de acuerdo","Neutro","En desacuerdo","De acuerdo","Neutro","Neutro","En desacuerdo","Siempre","Casi siempre","A veces","Casi siempre","Casi nunca","Siempre","Casi siempre","Casi siempre","Casi siempre","Casi siempre","Casi siempre","Casi siempre","De acuerdo","En desacuerdo","De acuerdo","De acuerdo","De acuerdo","De acuerdo","Casi siempre","A veces","Casi siempre","Casi siempre","Casi siempre","Casi siempre","Casi siempre","Casi siempre","Casi siempre","Casi siempre","Nunca","Casi nunca","Casi nunca","Casi nunca","Casi nunca","Casi siempre","Casi siempre","Casi nunca"
"2025/12/09 10:09:35 a. m. GMT-6","Si, Acepto","22","Hombre","Soltero(a)","Universidad UDF Santa María ","Licenciatura","Psicología ","9","7.0","7.0","4","Universidad","Universidad","Menos de $5,000","Casi nunca","A veces","Siempre","Siempre","Nunca","Nunca","Nunca","A veces","Neutro","De acuerdo","Neutro","Neutro","De acuerdo","Neutro","Neutro","Totalmente en desacuerdo","Siempre","Casi siempre","Casi siempre","Casi siempre","Casi nunca","Siempre","Siempre","Casi nunca","Casi siempre","Casi siempre","A veces","Casi siempre","Neutro","Neutro","Totalmente en desacuerdo","En desacuerdo","Neutro","De acuerdo","A veces","A veces","Casi siempre","Nunca","Siempre","Nunca","Siempre","Casi siempre","Siempre","Nunca","A veces","Nunca","A veces","A veces","Nunca","Casi siempre","A veces","Nunca"
"2025/12/09 10:10:02 a. m. GMT-6","Si, Acepto","22","Mujer","Soltero(a)","UDF","Licenciatura","Comercio Internacional y Gestión Aduanera ","2","9","9.8","5","Primaria","Secundaria","$5,001–$10,000","A veces","Casi siempre","Casi siempre","Casi nunca","A veces","A veces","Casi siempre","A veces","De acuerdo","Totalmente de acuerdo","Neutro","Totalmente de acuerdo","De acuerdo","Neutro","De acuerdo","En desacuerdo","Casi siempre","Siempre","A veces","A veces","Nunca","A veces","A veces","Casi nunca","Casi siempre","Nunca","Casi nunca","Casi siempre","De acuerdo","En desacuerdo","De acuerdo","De acuerdo","Neutro","Totalmente de acuerdo","Siempre","A veces","A veces","Nunca","Siempre","Nunca","Casi siempre","Nunca","Siempre","Casi nunca","A veces","Nunca","Nunca","Nunca","Nunca","Casi siempre","Siempre","Siempre"
"2025/12/09 10:13:29 a. m. GMT-6","Si, Acepto","22","Hombre","Soltero(a)","UDF","Licenciatura","Comercio internacional y gestión aduanera","2","8","8","5","Bachillerato","Secundaria","Menos de $5,000","A veces","A veces","Casi siempre","Casi siempre","Casi siempre","Siempre","Casi siempre","A veces","De acuerdo","Totalmente de acuerdo","Totalmente de acuerdo","Totalmente de acuerdo","Totalmente de acuerdo","Neutro","Totalmente de acuerdo","En desacuerdo","A veces","Casi nunca","A veces","Casi siempre","A veces","A veces","Siempre","Casi siempre","Siempre","Siempre","Nunca","Siempre","De acuerdo","En desacuerdo","De acuerdo","De acuerdo","Neutro","Totalmente de acuerdo","Casi siempre","Casi nunca","Siempre","Nunca","Siempre","Casi siempre","Siempre","A veces","Casi siempre","Casi nunca","A veces","A veces","A veces","A veces","A veces","Casi nunca","A veces","Casi siempre"
"2025/12/09 10:13:52 a. m. GMT-6","No, prefiero no participar","","","","","","","","","","","","","","","","","","","","","","","","","","","","","","","","","","","","","","","","","","","","","","","","","","","","","","","","","","","","","","","","",""
"2025/12/09 10:17:35 a. m. GMT-6","Si, Acepto","20","Mujer","Soltero(a)","Udf","Licenciatura","Licenciaturas en psicología ","7","8.","8.9","2","Secundaria","Universidad","$5,001–$10,000","Nunca","Siempre","Casi nunca","Siempre","Nunca","Nunca","Siempre","Nunca","Neutro","Totalmente de acuerdo","Totalmente de acuerdo","Totalmente de acuerdo","Totalmente de acuerdo","Neutro","Totalmente de acuerdo","Totalmente en desacuerdo","Siempre","Siempre","Siempre","Siempre","Nunca","Siempre","Nunca","Casi nunca","Siempre","Siempre","Casi siempre","Siempre","Neutro","Neutro","Neutro","Neutro","Neutro","Neutro","A veces","A veces","A veces","A veces","A veces","A veces","Casi nunca","Casi siempre","Siempre","Nunca","Nunca","Casi siempre","Nunca","Nunca","A veces","Nunca","Siempre","Siempre"
"2025/12/09 10:21:19 a. m. GMT-6","Si, Acepto","22","Mujer","Soltero(a)","UDF SANTA MARÍA ","Licenciatura","Comercio internacional y Gestión Aduanera ","9","9.0 ","8.3 ","5","Bachillerato","Bachillerato","10,001–$20,000","A veces","Casi nunca","A veces","A veces","Casi nunca","A veces","A veces","Casi nunca","De acuerdo","Neutro","De acuerdo","De acuerdo","Neutro","De acuerdo","Neutro","De acuerdo","A veces","A veces","A veces","A veces","A veces","A veces","A veces","Casi siempre","A veces","Casi siempre","A veces","Casi siempre","De acuerdo","De acuerdo","De acuerdo","Neutro","De acuerdo","Neutro","A veces","A veces","Casi nunca","A veces","Casi nunca","A veces","A veces","Casi nunca","A veces","Casi nunca","A veces","Casi nunca","A veces","Casi nunca","A veces","A veces","A veces","A veces"
"2025/12/09 10:22:07 a. m. GMT-6","Si, Acepto","29","Mujer","Soltero(a)","UDF","Licenciatura","Psicología ","8","9","8.7","4","Primaria","Universidad","10,001–$20,000","Casi siempre","Casi siempre","A veces","Casi siempre","A veces","A veces","A veces","A veces","Totalmente de acuerdo","Totalmente de acuerdo","En desacuerdo","Neutro","Totalmente de acuerdo","En desacuerdo","Totalmente de acuerdo","Totalmente en desacuerdo","Siempre","A veces","Casi siempre","Siempre","Casi siempre","A veces","A veces","Casi nunca","A veces","Siempre","Casi nunca","Casi siempre","De acuerdo","En desacuerdo","En desacuerdo","De acuerdo","Totalmente en desacuerdo","Totalmente de acuerdo","Casi siempre","Casi nunca","Siempre","A veces","Casi siempre","A veces","A veces","A veces","Casi siempre","Nunca","A veces","Casi nunca","A veces","A veces","A veces","Siempre","A veces","A veces"
"2025/12/09 10:22:09 a. m. GMT-6","Si, Acepto","26","Mujer","Unión libre","UDF","Licenciatura","Psicología ","8","8.6","8","3","Bachillerato","Universidad","$5,001–$10,000","Casi siempre","Siempre","Nunca","Casi siempre","Siempre","Casi nunca","A veces","Casi siempre","Neutro","De acuerdo","Totalmente de acuerdo","Totalmente de acuerdo","De acuerdo","Totalmente en desacuerdo","De acuerdo","Totalmente en desacuerdo","Siempre","Casi siempre","Siempre","Nunca","Casi siempre","Nunca","Casi siempre","Nunca","Casi siempre","Siempre","A veces","Siempre","Totalmente de acuerdo","Neutro","Totalmente de acuerdo","Totalmente de acuerdo","En desacuerdo","Totalmente de acuerdo","Casi siempre","A veces","Siempre","Casi nunca","Siempre","Casi siempre","Casi siempre","Casi nunca","Casi siempre","Casi nunca","Casi siempre","Casi nunca","Nunca","Casi siempre","Nunca","Casi siempre","Siempre","A veces"
"2025/12/09 10:23:54 a. m. GMT-6","Si, Acepto","27","Mujer","Soltero(a)","Universidad del distrito federal","Licenciatura","Licenciatura en derecho","6","9.6","9.8","3","Universidad","Bachillerato","Más de $20,000","A veces","Casi siempre","Casi siempre","Casi siempre","Casi siempre","Casi siempre","Siempre","Casi nunca","Totalmente de acuerdo","Totalmente de acuerdo","De acuerdo","Totalmente de acuerdo","Totalmente de acuerdo","Totalmente en desacuerdo","Totalmente de acuerdo","Totalmente en desacuerdo","Casi siempre","Siempre","A veces","A veces","Casi nunca","Casi siempre","Casi siempre","Casi nunca","Siempre","Casi nunca","Casi nunca","Siempre","De acuerdo","Neutro","Neutro","De acuerdo","De acuerdo","Totalmente de acuerdo","Siempre","Siempre","A veces","Nunca","Siempre","A veces","Siempre","Casi nunca","Siempre","A veces","A veces","Siempre","Nunca","Casi siempre","A veces","Casi nunca","Casi siempre","Casi nunca"
"2025/12/09 10:24:43 a. m. GMT-6","Si, Acepto","21","Mujer","Soltero(a)","UDF Santa María ","Licenciatura","Licenciatura en derecho ","6","9.6","9.6","4","Bachillerato","Secundaria","10,001–$20,000","Casi siempre","Siempre","Nunca","Casi siempre","A veces","Nunca","Siempre","Nunca","Totalmente de acuerdo","Totalmente de acuerdo","Totalmente de acuerdo","Totalmente de acuerdo","Totalmente de acuerdo","Totalmente en desacuerdo","Totalmente de acuerdo","Totalmente en desacuerdo","Casi siempre","A veces","Nunca","A veces","Nunca","Casi siempre","A veces","A veces","Casi siempre","Casi nunca","Nunca","Siempre","Totalmente de acuerdo","Totalmente en desacuerdo","Neutro","Totalmente de acuerdo","Totalmente en desacuerdo","Totalmente de acuerdo","Casi siempre","Nunca","A veces","Casi nunca","Siempre","Nunca","Siempre","Casi nunca","Siempre","Nunca","Nunca","Siempre","A veces","Nunca","Nunca","Siempre","A veces","Casi siempre"
"2025/12/09 10:24:55 a. m. GMT-6","Si, Acepto","21","Mujer","Soltero(a)","Universidad del Distrito Federal ","Licenciatura","Comercio internacional y gestión aduanera ","9","8.0 ","8.4","4","Bachillerato","Secundaria","10,001–$20,000","A veces","Casi nunca","Casi siempre","A veces","A veces","Casi siempre","A veces","A veces","De acuerdo","De acuerdo","Neutro","Totalmente de acuerdo","De acuerdo","En desacuerdo","De acuerdo","Neutro","Casi nunca","Nunca","Casi siempre","Nunca","Nunca","Nunca","Nunca","Nunca","Casi siempre","Casi siempre","Casi siempre","A veces","Totalmente de acuerdo","Totalmente de acuerdo","En desacuerdo","Totalmente de acuerdo","Totalmente de acuerdo","Totalmente de acuerdo","Casi nunca","A veces","A veces","Casi siempre","A veces","A veces","A veces","A veces","A veces","A veces","A veces","A veces","Siempre","Siempre","A veces","Casi nunca","Casi nunca","A veces"
"2025/12/09 10:25:41 a. m. GMT-6","Si, Acepto","28","Mujer","Soltero(a)","Udf santa Maria","Licenciatura","Comercio internacional y gestión aduanera ","2","8","9","5","Secundaria","Primaria","$5,001–$10,000","A veces","A veces","A veces","Siempre","A veces","A veces","Casi siempre","Nunca","Totalmente de acuerdo","Totalmente de acuerdo","Totalmente de acuerdo","Totalmente de acuerdo","Neutro","Neutro","Neutro","Totalmente en desacuerdo","Casi siempre","A veces","Nunca","Casi siempre","Nunca","Siempre","Siempre","Nunca","Siempre","A veces","Nunca","Nunca","Neutro","Neutro","Neutro","Neutro","Totalmente en desacuerdo","Totalmente de acuerdo","Casi siempre","Casi siempre","Casi siempre","Nunca","Siempre","Siempre","Siempre","Casi siempre","Casi siempre","Casi siempre","Nunca","Nunca","Nunca","Nunca","Nunca","A veces","A veces","Nunca"
"2025/12/09 10:28:01 a. m. GMT-6","Si, Acepto","20","Mujer","Soltero(a)","Universidad del distrito federal ","Licenciatura","Derecho","6","8","8","5","Secundaria","Secundaria","$5,001–$10,000","Casi siempre","Siempre","Casi nunca","Siempre","Siempre","Nunca","Siempre","Nunca","De acuerdo","Totalmente de acuerdo","De acuerdo","Totalmente de acuerdo","Totalmente de acuerdo","Totalmente en desacuerdo","Totalmente de acuerdo","Totalmente en desacuerdo","Casi siempre","Casi siempre","A veces","Casi siempre","Casi nunca","Casi nunca","Siempre","Nunca","Siempre","Siempre","Nunca","Siempre","Neutro","Neutro","Totalmente de acuerdo","Totalmente de acuerdo","Totalmente de acuerdo","Totalmente de acuerdo","A veces","A veces","Siempre","Nunca","Siempre","A veces","A veces","Casi siempre","A veces","Casi siempre","A veces","Casi siempre","Casi siempre","Casi siempre","Nunca","Casi siempre","Casi nunca","Siempre"
"2025/12/09 10:30:35 a. m. GMT-6","Si, Acepto","27","Hombre","Soltero(a)","Universidad del distrito federal ","Licenciatura","Licenciatura en Derecho ","6","8.0","8.0","4","Secundaria","Secundaria","$5,001–$10,000","Casi siempre","Siempre","Casi siempre","Casi siempre","Casi siempre","Casi nunca","Siempre","A veces","Totalmente de acuerdo","Totalmente de acuerdo","De acuerdo","Neutro","De acuerdo","En desacuerdo","Neutro","Neutro","A veces","Casi siempre","Nunca","A veces","Casi nunca","Siempre","Siempre","A veces","Siempre","Casi siempre","A veces","Siempre","Totalmente de acuerdo","Totalmente en desacuerdo","Neutro","Totalmente de acuerdo","Totalmente en desacuerdo","Totalmente de acuerdo","Casi siempre","A veces","Siempre","Casi nunca","Siempre","Siempre","Siempre","A veces","Siempre","Nunca","Nunca","Nunca","Nunca","Casi nunca","Nunca","Siempre","A veces","A veces"
"2025/12/09 6:25:20 p. m. GMT-6","Si, Acepto","22","Mujer","Soltero(a)","UDF","Licenciatura","Psicología","7","8","8.5","5","Universidad","Universidad","10,001–$20,000","Nunca","Casi siempre","A veces","Casi siempre","A veces","A veces","Casi nunca","Casi siempre","Totalmente de acuerdo","Totalmente de acuerdo","Neutro","De acuerdo","Totalmente de acuerdo","De acuerdo","Totalmente de acuerdo","Neutro","Casi siempre","A veces","Casi siempre","Casi siempre","A veces","Siempre","Casi siempre","Casi nunca","A veces","A veces","A veces","Casi siempre","Totalmente de acuerdo","Neutro","Totalmente de acuerdo","Totalmente de acuerdo","En desacuerdo","De acuerdo","Siempre","Casi nunca","Siempre","A veces","Casi siempre","A veces","Casi siempre","Casi nunca","A veces","Casi nunca","Nunca","Nunca","Nunca","Nunca","Nunca","Casi siempre","Casi siempre","Casi nunca"
"2025/12/09 7:14:36 p. m. GMT-6","Si, Acepto","21","Mujer","Soltero(a)","UVM","Licenciatura","Psicología ","1","9.0","9.0","4","Bachillerato","Secundaria","Más de $20,000","A veces","A veces","A veces","Casi siempre","A veces","A veces","Casi nunca","A veces","Totalmente de acuerdo","Totalmente de acuerdo","De acuerdo","De acuerdo","Totalmente de acuerdo","De acuerdo","Totalmente de acuerdo","Totalmente de acuerdo","Siempre","Siempre","Casi nunca","Siempre","Nunca","Siempre","Casi siempre","A veces","A veces","Casi siempre","Casi siempre","Casi siempre","Totalmente de acuerdo","En desacuerdo","Totalmente de acuerdo","Totalmente de acuerdo","En desacuerdo","Neutro","Siempre","Casi nunca","Siempre","Casi nunca","Siempre","Casi nunca","A veces","A veces","A veces","A veces","Nunca","Nunca","Nunca","A veces","Casi nunca","Casi siempre","Casi siempre","Casi nunca"
"2025/12/09 7:15:59 p. m. GMT-6","Si, Acepto","32","Mujer","Soltero(a)","UVM lomas verdes ","Licenciatura","Psicología ","1","9.5","9.5","4","Bachillerato","Bachillerato","10,001–$20,000","A veces","A veces","Casi siempre","Siempre","Casi siempre","A veces","Casi siempre","A veces","Totalmente de acuerdo","Totalmente de acuerdo","De acuerdo","Totalmente de acuerdo","Totalmente de acuerdo","En desacuerdo","Totalmente de acuerdo","En desacuerdo","Casi siempre","Siempre","Casi nunca","Siempre","Nunca","Siempre","Casi siempre","Casi siempre","Casi siempre","A veces","Casi nunca","Casi nunca","Totalmente de acuerdo","En desacuerdo","Totalmente de acuerdo","Totalmente de acuerdo","En desacuerdo","Totalmente de acuerdo","Siempre","Nunca","Siempre","Nunca","Siempre","Siempre","Siempre","A veces","Siempre","Casi nunca","Nunca","Casi nunca","Casi nunca","Casi nunca","Casi nunca","Casi siempre","Siempre","A veces"
"2025/12/09 7:16:41 p. m. GMT-6","Si, Acepto","31","Mujer","Soltero(a)","Uvm","Licenciatura","Psicológica ","1","9","8","5","Universidad","Universidad","Más de $20,000","Casi nunca","Nunca","A veces","Casi nunca","A veces","A veces","A veces","Casi nunca","De acuerdo","De acuerdo","Neutro","De acuerdo","De acuerdo","Neutro","De acuerdo","Neutro","A veces","A veces","A veces","Siempre","Nunca","Casi siempre","Siempre","Casi nunca","A veces","Casi siempre","A veces","A veces","De acuerdo","Neutro","De acuerdo","De acuerdo","Neutro","Neutro","Casi siempre","Casi nunca","Casi siempre","Nunca","Casi siempre","Casi siempre","A veces","Casi siempre","A veces","A veces","Nunca","Nunca","Nunca","Casi nunca","Casi nunca","Casi siempre","Casi siempre","Casi nunca"
"2025/12/09 7:20:02 p. m. GMT-6","Si, Acepto","25","Hombre","Soltero(a)","Universidad del valle de México ","Licenciatura","Licenciatura en psicología ","1","7.7","7.7","3 ","Universidad","Universidad","Más de $20,000","Casi nunca","A veces","Casi siempre","Casi siempre","A veces","A veces","A veces","Casi nunca","Neutro","De acuerdo","De acuerdo","De acuerdo","De acuerdo","De acuerdo","Neutro","Neutro","Siempre","Casi nunca","Casi nunca","Casi siempre","Nunca","Casi siempre","Casi siempre","Casi nunca","Casi siempre","Casi siempre","Casi siempre","Casi siempre","Neutro","De acuerdo","En desacuerdo","De acuerdo","De acuerdo","Neutro","Casi siempre","A veces","Casi siempre","Casi nunca","Siempre","A veces","Casi siempre","Casi nunca","Casi siempre","Casi nunca","A veces","A veces","A veces","Casi nunca","Casi nunca","A veces","Casi nunca","A veces"
"2025/12/09 7:20:13 p. m. GMT-6","Si, Acepto","25","Hombre","Soltero(a)","Universidad del valle de México ","Licenciatura","Licenciatura en psicología ","1","7.7","7.7","3 ","Universidad","Universidad","Más de $20,000","Casi nunca","A veces","Casi siempre","Casi siempre","A veces","A veces","A veces","Casi nunca","Neutro","De acuerdo","De acuerdo","De acuerdo","De acuerdo","De acuerdo","Neutro","Neutro","Siempre","Casi nunca","Casi nunca","Casi siempre","Nunca","Casi siempre","Casi siempre","Casi nunca","Casi siempre","Casi siempre","Casi siempre","Casi siempre","Neutro","De acuerdo","En desacuerdo","De acuerdo","De acuerdo","Neutro","Casi siempre","A veces","Casi siempre","Casi nunca","Siempre","A veces","Casi siempre","Casi nunca","Casi siempre","Casi nunca","A veces","A veces","A veces","Casi nunca","Casi nunca","A veces","Casi nunca","A veces"
"2025/12/09 7:21:28 p. m. GMT-6","Si, Acepto","27","Mujer","Soltero(a)","UVM","Licenciatura","Psicóloga ","1","9","9","4","Universidad","Universidad","Más de $20,000","A veces","Casi siempre","Casi siempre","Casi siempre","Casi siempre","A veces","A veces","Casi siempre","En desacuerdo","Totalmente de acuerdo","Totalmente de acuerdo","Totalmente de acuerdo","Totalmente de acuerdo","En desacuerdo","Totalmente de acuerdo","En desacuerdo","Siempre","Siempre","Casi nunca","Nunca","Nunca","Casi siempre","Casi siempre","A veces","Siempre","Siempre","Nunca","Siempre","Totalmente de acuerdo","De acuerdo","Totalmente de acuerdo","Totalmente de acuerdo","Totalmente de acuerdo","Totalmente de acuerdo","Casi siempre","A veces","Casi siempre","A veces","Casi siempre","Casi siempre","A veces","Siempre","Casi nunca","Casi siempre","Nunca","Nunca","A veces","Casi nunca","Casi siempre","Casi nunca","Casi siempre","Siempre"
"2025/12/09 7:21:33 p. m. GMT-6","Si, Acepto","26","Hombre","Soltero(a)","UVM campus lomas verdes","Bachillerato","Psicología","1","8.5","8.1","4","Primaria","Posgrado","$5,001–$10,000","A veces","Casi siempre","Casi siempre","Casi siempre","Casi siempre","Casi siempre","Casi siempre","A veces","De acuerdo","De acuerdo","De acuerdo","De acuerdo","De acuerdo","De acuerdo","De acuerdo","De acuerdo","A veces","A veces","Casi siempre","A veces","A veces","Siempre","A veces","Casi nunca","Casi siempre","A veces","A veces","Casi siempre","De acuerdo","Neutro","De acuerdo","Totalmente de acuerdo","Neutro","Neutro","A veces","Casi siempre","Casi siempre","Nunca","Casi siempre","A veces","A veces","Casi nunca","A veces","Nunca","Nunca","Nunca","Nunca","Nunca","Nunca","Nunca","Nunca","A veces"
"2025/12/09 7:22:30 p. m. GMT-6","Si, Acepto","27","Hombre","Soltero(a)","UVM Campus Lomas Verdes ","Licenciatura","Licenciatura Ejecutiva en Psicología ","1","8.6","8.6","5","Universidad","Bachillerato","$5,001–$10,000","A veces","Casi siempre","Casi siempre","Casi siempre","Casi siempre","A veces","Casi siempre","Casi nunca","Neutro","De acuerdo","De acuerdo","De acuerdo","De acuerdo","Neutro","De acuerdo","Totalmente en desacuerdo","Siempre","Siempre","Nunca","Siempre","Nunca","Casi siempre","A veces","Nunca","Casi siempre","Casi siempre","A veces","Casi siempre","De acuerdo","Neutro","De acuerdo","De acuerdo","En desacuerdo","De acuerdo","Casi siempre","Casi nunca","Siempre","Casi nunca","Casi siempre","Casi siempre","Casi siempre","Casi nunca","A veces","Casi nunca","A veces","A veces","Casi nunca","Nunca","Casi nunca","Casi siempre","Nunca","Casi nunca"
"2025/12/09 7:25:49 p. m. GMT-6","Si, Acepto","47","Mujer","Casado(a)","UVM ","Licenciatura","Psicología ","1","9 ","9 ","5","Universidad","Universidad","Más de $20,000","A veces","Siempre","A veces","Siempre","A veces","A veces","A veces","A veces","De acuerdo","De acuerdo","De acuerdo","Totalmente en desacuerdo","Neutro","Totalmente en desacuerdo","Totalmente de acuerdo","En desacuerdo","Siempre","Casi siempre","A veces","Siempre","A veces","Casi siempre","A veces","A veces","Casi siempre","Casi siempre","A veces","Siempre","Neutro","De acuerdo","Neutro","De acuerdo","Neutro","De acuerdo","Siempre","Nunca","Siempre","Nunca","Siempre","Casi siempre","Casi siempre","A veces","Casi siempre","A veces","Casi nunca","Nunca","Nunca","A veces","Casi nunca","Casi siempre","Casi siempre","Casi nunca"
"2025/12/09 7:26:54 p. m. GMT-6","Si, Acepto","50 ","Mujer","Soltero(a)","UVM","Licenciatura","Lic. Wn psicologia","1","9.8","9.9","5","Primaria","Primaria","$5,001–$10,000","Siempre","Siempre","Casi nunca","Siempre","Casi siempre","Casi siempre","Siempre","Casi siempre","Totalmente de acuerdo","Totalmente de acuerdo","De acuerdo","Neutro","Totalmente de acuerdo","Totalmente en desacuerdo","Neutro","Neutro","Siempre","Casi siempre","Nunca","Siempre","A veces","Siempre","Siempre","A veces","A veces","A veces","Casi nunca","A veces","De acuerdo","Totalmente en desacuerdo","En desacuerdo","En desacuerdo","En desacuerdo","Neutro","Casi siempre","Nunca","Siempre","Casi siempre","Casi siempre","A veces","Casi siempre","Casi siempre","Siempre","Casi siempre","Casi nunca","Nunca","Nunca","Nunca","Nunca","Casi siempre","Casi siempre","Casi siempre"
"2025/12/09 7:28:47 p. m. GMT-6","Si, Acepto","38","Mujer","Soltero(a)","UVM Lomas Verdes ","Licenciatura","Lic. Psicologia ","1","9.5","9","7","Universidad","Primaria","Menos de $5,000","Siempre","Siempre","Siempre","Siempre","Siempre","Casi nunca","A veces","Casi nunca","Totalmente de acuerdo","Totalmente de acuerdo","Totalmente de acuerdo","Totalmente de acuerdo","Totalmente de acuerdo","Totalmente de acuerdo","Totalmente de acuerdo","Totalmente de acuerdo","Casi siempre","A veces","Nunca","Siempre","Siempre","Siempre","Siempre","Siempre","Siempre","Casi siempre","Siempre","Siempre","De acuerdo","Totalmente en desacuerdo","De acuerdo","Totalmente de acuerdo","En desacuerdo","De acuerdo","Casi siempre","Nunca","Casi siempre","Nunca","Casi siempre","Siempre","Casi siempre","Nunca","A veces","Casi nunca","Casi nunca","A veces","Casi nunca","Casi siempre","Casi siempre","Casi siempre","Casi siempre","Casi nunca"
"2025/12/09 7:33:01 p. m. GMT-6","Si, Acepto","42","Mujer","Soltero(a)","Uvm","Licenciatura","Psicologia","1","9","9","4","Posgrado","Universidad","10,001–$20,000","Casi siempre","Siempre","Casi siempre","Siempre","Siempre","Casi siempre","Casi siempre","Casi siempre","Totalmente de acuerdo","Totalmente de acuerdo","Totalmente de acuerdo","Totalmente de acuerdo","Totalmente de acuerdo","Neutro","Totalmente de acuerdo","Neutro","Siempre","Siempre","A veces","Casi siempre","Casi nunca","Siempre","Siempre","Casi nunca","Siempre","Siempre","Casi nunca","Siempre","De acuerdo","En desacuerdo","Totalmente de acuerdo","Totalmente de acuerdo","En desacuerdo","Totalmente de acuerdo","Casi siempre","Casi nunca","Siempre","Siempre","Siempre","Siempre","Casi siempre","A veces","Casi siempre","Casi nunca","Casi nunca","A veces","Nunca","Nunca","A veces","Siempre","Siempre","Casi nunca"
"2025/12/09 7:35:54 p. m. GMT-6","Si, Acepto","37","Hombre","Soltero(a)","UVM","Licenciatura","Psicología ","1","8","8","4","Secundaria","Secundaria","10,001–$20,000","A veces","Casi nunca","Casi nunca","A veces","Casi siempre","A veces","A veces","A veces","Neutro","De acuerdo","De acuerdo","De acuerdo","De acuerdo","Totalmente de acuerdo","Neutro","De acuerdo","Casi siempre","Casi siempre","A veces","Casi siempre","Casi siempre","Casi siempre","A veces","A veces","A veces","A veces","A veces","A veces","Neutro","En desacuerdo","En desacuerdo","Neutro","En desacuerdo","En desacuerdo","A veces","Casi nunca","Casi nunca","Casi nunca","A veces","Casi nunca","Casi nunca","A veces","A veces","A veces","A veces","A veces","Casi nunca","A veces","A veces","Casi nunca","A veces","A veces"
"2025/12/09 8:31:07 p. m. GMT-6","Si, Acepto","24","Mujer","Soltero(a)","Universidad del Valle de México ","Licenciatura","Psicología ","1","9.7","9.7","9","Bachillerato","Secundaria","Más de $20,000","Siempre","Siempre","Casi nunca","Siempre","Siempre","Nunca","A veces","Nunca","Totalmente de acuerdo","Totalmente de acuerdo","Neutro","Neutro","En desacuerdo","Neutro","Totalmente de acuerdo","Totalmente en desacuerdo","Siempre","Casi nunca","Nunca","Siempre","Nunca","Casi siempre","Casi siempre","Nunca","Casi siempre","Siempre","Nunca","Siempre","Totalmente de acuerdo","Totalmente en desacuerdo","Totalmente de acuerdo","Totalmente de acuerdo","Totalmente en desacuerdo","Totalmente de acuerdo","Siempre","Nunca","Siempre","Nunca","Siempre","Casi siempre","Siempre","Nunca","Siempre","Nunca","Nunca","Siempre","Nunca","Nunca","Nunca","Siempre","Siempre","Casi nunca"
"2025/12/10 7:24:20 p. m. GMT-6","Si, Acepto","42","Mujer","Casado(a)","UVM","Licenciatura","Psicología ","7","9.2","9.6","6","Universidad","Universidad","Más de $20,000","Casi siempre","Casi siempre","Casi siempre","Casi siempre","Casi siempre","Casi siempre","Casi siempre","A veces","Totalmente de acuerdo","Totalmente de acuerdo","Totalmente de acuerdo","Totalmente de acuerdo","Totalmente de acuerdo","De acuerdo","De acuerdo","De acuerdo","Siempre","Siempre","A veces","Casi siempre","A veces","Siempre","Siempre","A veces","A veces","A veces","A veces","A veces","Totalmente de acuerdo","Totalmente de acuerdo","Totalmente de acuerdo","Totalmente de acuerdo","Totalmente de acuerdo","Totalmente de acuerdo","Siempre","Siempre","Siempre","A veces","Siempre","Siempre","Siempre","Siempre","Siempre","Siempre","Casi siempre","Casi siempre","Siempre","Siempre","A veces","A veces","A veces","A veces"
"2025/12/10 7:25:42 p. m. GMT-6","Si, Acepto","28","Hombre","Soltero(a)","UVM","Licenciatura","Psicología","7","9.3","9.3","3","Bachillerato","Universidad","Más de $20,000","Casi siempre","Casi siempre","A veces","A veces","Casi siempre","A veces","A veces","Casi siempre","Totalmente de acuerdo","Totalmente de acuerdo","Totalmente de acuerdo","Totalmente de acuerdo","Totalmente de acuerdo","Neutro","Totalmente de acuerdo","De acuerdo","Siempre","Siempre","Siempre","Siempre","Casi siempre","A veces","Siempre","Casi siempre","Siempre","Siempre","Casi siempre","Casi siempre","De acuerdo","De acuerdo","Neutro","Totalmente de acuerdo","Neutro","Neutro","Siempre","Siempre","Siempre","Siempre","Siempre","Siempre","Siempre","Siempre","Siempre","Siempre","Nunca","Nunca","Nunca","Nunca","Casi siempre","A veces","A veces","Casi siempre"
"2025/12/10 7:26:39 p. m. GMT-6","Si, Acepto","21","Hombre","Soltero(a)","Universidad del valle de mexico","Licenciatura","Psicologia","6","9","8","3","Bachillerato","Universidad","Menos de $5,000","A veces","A veces","A veces","A veces","A veces","A veces","A veces","A veces","Neutro","Neutro","Neutro","Neutro","Neutro","Neutro","Neutro","Neutro","A veces","A veces","A veces","A veces","A veces","A veces","A veces","A veces","A veces","A veces","A veces","A veces","Neutro","Neutro","Neutro","Neutro","Neutro","Neutro","A veces","A veces","A veces","A veces","A veces","A veces","A veces","Casi siempre","A veces","A veces","Nunca","Casi nunca","Casi nunca","A veces","A veces","A veces","A veces","A veces"
"2025/12/10 7:27:09 p. m. GMT-6","Si, Acepto","22","Mujer","Soltero(a)","UVM","Licenciatura","Psicología ","7","9.3","9","3","Universidad","Posgrado","$5,001–$10,000","A veces","A veces","A veces","Casi siempre","Casi siempre","A veces","A veces","Casi nunca","Neutro","De acuerdo","Neutro","De acuerdo","De acuerdo","En desacuerdo","Neutro","Neutro","Casi siempre","A veces","Nunca","Casi siempre","Nunca","Casi siempre","Casi siempre","A veces","Casi siempre","Casi siempre","Casi siempre","A veces","De acuerdo","Neutro","De acuerdo","De acuerdo","De acuerdo","De acuerdo","Casi siempre","Casi nunca","Siempre","Nunca","Casi siempre","Casi siempre","A veces","Casi siempre","A veces","A veces","Casi nunca","Casi nunca","Casi nunca","Casi nunca","Casi nunca","A veces","Casi siempre","A veces"
"2025/12/10 7:29:36 p. m. GMT-6","Si, Acepto","36","Mujer","Soltero(a)","UVM CAMPUS CUMBRES","Licenciatura","LX PSICOLOGÍA","6","9.5","9.5","01","Bachillerato","Secundaria","Más de $20,000","A veces","Casi siempre","Casi siempre","Casi siempre","A veces","Casi nunca","Casi nunca","Casi nunca","Totalmente de acuerdo","Totalmente de acuerdo","De acuerdo","De acuerdo","Totalmente de acuerdo","En desacuerdo","De acuerdo","Totalmente en desacuerdo","Siempre","Casi siempre","Nunca","Siempre","Nunca","Siempre","Siempre","Casi nunca","Siempre","Casi siempre","Nunca","Siempre","Totalmente de acuerdo","Totalmente en desacuerdo","Totalmente de acuerdo","Totalmente de acuerdo","Neutro","Totalmente de acuerdo","Siempre","Casi nunca","Casi siempre","Casi nunca","Casi siempre","Siempre","Siempre","A veces","Siempre","Casi nunca","Nunca","A veces","Nunca","Nunca","Nunca","Casi siempre","Siempre","A veces"
"2025/12/10 7:32:15 p. m. GMT-6","Si, Acepto","39","Mujer","Soltero(a)","UVM","Licenciatura","Psicología","6","9.7","9.7","4","Primaria","Primaria","Más de $20,000","Siempre","Siempre","Casi siempre","Casi siempre","Siempre","Casi siempre","Siempre","Casi siempre","Totalmente de acuerdo","Totalmente de acuerdo","Totalmente de acuerdo","De acuerdo","Totalmente de acuerdo","De acuerdo","Totalmente de acuerdo","Totalmente de acuerdo","Siempre","Siempre","Siempre","Siempre","Siempre","Siempre","Siempre","A veces","Siempre","Casi nunca","Nunca","Siempre","Totalmente de acuerdo","Totalmente en desacuerdo","Totalmente de acuerdo","Totalmente de acuerdo","Totalmente en desacuerdo","Totalmente de acuerdo","Siempre","Casi nunca","Siempre","Nunca","Siempre","Casi nunca","Siempre","Nunca","Siempre","Nunca","Casi nunca","Nunca","Nunca","Nunca","Nunca","Siempre","Siempre","Casi nunca"
"2025/12/10 7:39:39 p. m. GMT-6","Si, Acepto","20 ","Hombre","Soltero(a)","uvm campus cumbres ","Licenciatura","Psicología ","7","9 ","9 ","3","Universidad","Posgrado","Menos de $5,000","Siempre","Casi siempre","Casi siempre","A veces","Casi siempre","Casi siempre","Casi siempre","A veces","Totalmente de acuerdo","De acuerdo","De acuerdo","Totalmente de acuerdo","De acuerdo","Totalmente de acuerdo","De acuerdo","Totalmente de acuerdo","Casi siempre","Casi siempre","A veces","Casi siempre","A veces","Casi siempre","A veces","Casi siempre","Casi siempre","Casi siempre","A veces","Casi siempre","De acuerdo","En desacuerdo","De acuerdo","Totalmente de acuerdo","Totalmente de acuerdo","Totalmente de acuerdo","Casi siempre","Casi nunca","Siempre","A veces","Casi siempre","Casi nunca","Nunca","Casi siempre","Casi siempre","Casi siempre","Nunca","Casi nunca","Casi nunca","A veces","A veces","Casi siempre","Siempre","Casi nunca"
"2025/12/10 7:40:25 p. m. GMT-6","Si, Acepto","43","Mujer","Casado(a)","UVM CUMBRES","Licenciatura","PSICOLOGÍA LX","10","9.7","9.5","2","Bachillerato","Universidad","Más de $20,000","A veces","Casi nunca","A veces","Casi siempre","Siempre","A veces","Casi nunca","Nunca","De acuerdo","De acuerdo","Neutro","Neutro","Neutro","Neutro","De acuerdo","Neutro","Casi siempre","Casi siempre","A veces","Casi siempre","A veces","Casi siempre","Siempre","Nunca","Siempre","Siempre","A veces","Siempre","Neutro","En desacuerdo","De acuerdo","De acuerdo","En desacuerdo","De acuerdo","Siempre","A veces","Siempre","Nunca","Siempre","Casi siempre","Casi siempre","Casi siempre","A veces","A veces","A veces","A veces","Casi nunca","A veces","A veces","A veces","Casi siempre","A veces"
"2025/12/10 7:49:59 p. m. GMT-6","Si, Acepto","33","Hombre","Casado(a)","uvm","Licenciatura","Psicologia","7","9.5","9.5","4","Bachillerato","Secundaria","10,001–$20,000","A veces","Casi nunca","Casi nunca","Casi siempre","A veces","Casi siempre","Casi nunca","Casi siempre","De acuerdo","De acuerdo","De acuerdo","De acuerdo","De acuerdo","En desacuerdo","En desacuerdo","En desacuerdo","Siempre","Nunca","A veces","Siempre","Nunca","A veces","Casi siempre","Casi nunca","Casi siempre","Casi nunca","Casi siempre","Siempre","Totalmente de acuerdo","Totalmente en desacuerdo","Totalmente de acuerdo","Totalmente de acuerdo","En desacuerdo","Totalmente de acuerdo","Siempre","Nunca","Siempre","Nunca","Siempre","A veces","Siempre","Nunca","Siempre","Nunca","Nunca","Nunca","Nunca","Nunca","A veces","Casi siempre","Siempre","A veces"
"2025/12/10 8:07:35 p. m. GMT-6","Si, Acepto","22 ","Hombre","Soltero(a)","UVM","Licenciatura","Psicología","7","8.5","8.5","4","Secundaria","Universidad","10,001–$20,000","Casi siempre","Casi siempre","A veces","Casi siempre","Casi siempre","Casi siempre","Casi siempre","A veces","De acuerdo","De acuerdo","En desacuerdo","En desacuerdo","De acuerdo","En desacuerdo","De acuerdo","En desacuerdo","Siempre","Siempre","Casi siempre","Siempre","Nunca","Siempre","Siempre","Casi nunca","Casi siempre","Casi siempre","Casi siempre","Casi siempre","Neutro","De acuerdo","Totalmente en desacuerdo","De acuerdo","De acuerdo","Neutro","A veces","A veces","Casi siempre","A veces","Casi siempre","Casi siempre","A veces","Casi siempre","A veces","Casi nunca","Casi siempre","Casi siempre","Casi siempre","Casi siempre","A veces","A veces","A veces","Casi siempre"